Name,Phone,WhatsApp Number,Status
"Amina Nejjarou DTC","0718348865","+212718348865","Replied by President"
"Amrabt Ziad (Mrabet Zyad) DTC","0628120962","+212628120962","In group, confirmed"
"Anas Belhaiba DTC","0626675017","+212626675017","Confirmed (Website Profile Verified)"
"Aya Hammouich DTC","0763487555","+212763487555","Confirmed (President approved unseen)"
"Btissam Aït Taleb DTC","0782106994","+212782106994","Confirmed"
"Chaimae Chakmaoui DTC","0777679310","+212777679310","Confirmed"
"Chaimae Saadi DTC","0693995935","+212693995935","Confirmed"
"Eddahabi Mamoun DTC","0658923991","+212658923991","Confirmed (Newly recovered)"
"Hiba Boutaqqa DTC","0604705975","+212604705975","Confirmed (President approved unseen)"
"Imane Ait Bella DTC","0679993251","+212679993251","Confirmed (Newly recovered)"
"Ismail El Mhadi DTC","0780811806","+212780811806","Confirmed (President approved unseen)"
"Kawtar Ait Hamou DTC","0774857903","+212774857903","Confirmed (President approved unseen)"
"Khouloud Sabour DTC","0724004003","+212724004003","Confirmed (Website Profile Verified)"
"Luna Elkanouani DTC","0673714576","+212673714576","Confirmed (Website Profile Verified)"
"Malak Ettorky DTC","0680119150","+212680119150","Confirmed"
"Manal Aboutir DTC","0688614188","+212688614188","Confirmed (Website Profile Verified)"
"Marwa Laanaya DTC","0658888473","+212658888473","Confirmed (Website Profile Verified)"
"Othman Essaadi DTC","0620505972","+212620505972","Confirmed"
"Oudouhou Ranya DTC","0676631847","+212676631847","Confirmed (Website Profile Verified)"
"Said Salma DTC","0628347122","+212628347122","Confirmed (Website Profile Verified)"
"Samia El Hiri DTC","0679472079","+212679472079","Confirmed (Website Profile Verified)"
"Sara Ammar DTC","0770417655","+212770417655","Confirmed (President approved unseen)"
"Sara Elharradi DTC","0713578447","+212713578447","Confirmed (Website Profile Verified)"
"Sara Iguimer DTC","0656655636","+212656655636","Confirmed"
"Taoui Aya DTC","0612768096","+212612768096","Confirmed (President approved unseen)"
"Wijdane Aouzaï DTC","0698918431","+212698918431","Confirmed (Website Profile Verified)"
"Yasser Essabar DTC","0671649491","+212671649491","Confirmed (Newly recovered)"
"Yassine El Kamal DTC","0778833913","+212778833913","Confirmed (Website Profile Verified)"
"Zineb Saadi (Essaady) DTC","0714513193","+212714513193","Confirmed"
"Zoumar Sara DTC","0619620602","+212619620602","Confirmed"
